{
    "NUM_PARTICLES": 216047,
    "initial params": {
        "initialPos": [
            0.10000000149011612,
            0.10000000149011612,
            0.10000000149011612
        ],
        "numParticlesXZ": [
            58,
            58
        ],
        "particleSpacing": 0.0560000017285347,
        "particleVerticalSpacing": 0.05000000074505806
    },
    "rendering": {
        "blurDepthFalloff": 1000.0,
        "blurIterations": 2,
        "blurMode": 0,
        "blurScale": 0.20000000298023224,
        "filterRadius": 5,
        "radius": 0.05000000074505806,
        "renderType": 0
    },
    "rigid objects": [
        [
            0,
            [
                5.275000095367432,
                1.0499999523162842,
                5.275000095367432
            ]
        ]
    ],
    "simulation": {
        "ART_PRESSURE_COEF": 0.0002500000118743628,
        "BOUNDARY_SIZE": [
            9.75,
            7.0,
            8.350000381469727
        ],
        "CFM": 600.0,
        "REST_DENS": 6378.0,
        "VISC": 9.999999747378752e-05,
        "VORTICITY_COEF": 0.00039999998989515007,
        "activateVisc": true,
        "activateVort": true,
        "activateVorticity": true,
        "jacobiIterations": 2
    },
    "substeps": 2,
    "walls": {
        "wallBackwardSpeed": 1.2000000476837158,
        "wallForwardSpeed": 4.800000190734863,
        "wallLimit": 1.4
    }
}
