{
    "NUM_PARTICLES": 229512,
    "initial params": {
        "initialPos": [
            0.10000000149011612,
            0.10000000149011612,
            0.10000000149011612
        ],
        "numParticlesXZ": [
            58,
            141
        ],
        "particleSpacing": 0.0560000017285347,
        "particleVerticalSpacing": 0.05000000074505806
    },
    "rendering": {
        "blurDepthFalloff": 1000.0,
        "blurIterations": 2,
        "blurMode": 0,
        "blurScale": 0.20000000298023224,
        "filterRadius": 5,
        "radius": 0.05000000074505806,
        "renderType": 8
    },
    "rigid objects": [
        [
            0,
            [
                10.75,
                1.0499999523162842,
                2.700000047683716
            ]
        ],
        [
            1,
            [
                10.925000190734863,
                0.9750000238418579,
                6.275000095367432
            ]
        ]
    ],
    "simulation": {
        "ART_PRESSURE_COEF": 0.0002500000118743628,
        "BOUNDARY_SIZE": [
            15.149999618530273,
            7.0,
            8.699999809265137
        ],
        "CFM": 600.0,
        "REST_DENS": 5000.0,
        "VISC": 9.999999747378752e-05,
        "VORTICITY_COEF": 0.00039999998989515007,
        "activateVisc": true,
        "activateVort": true,
        "activateVorticity": true,
        "jacobiIterations": 4
    },
    "substeps": 1,
    "walls": {
        "wallBackwardSpeed": 1.2000000476837158,
        "wallForwardSpeed": 4.800000190734863,
        "wallLimit": 2.1
    }
}
